Variable 1,Variable 2,Correlation Coefficient,p Value,Absolute Value of Correlation,Correlation Strength,Direction
annual_precip_mm,wet_season_precip_mm,0.995,<0.001,0.995,Very Strong,Positive
veg_cover_reach_pct,veg_height_reach_m,0.942,<0.001,0.942,Very Strong,Positive
agricultural_reach_pct,agricultural_upstream_pct,0.936,<0.001,0.936,Very Strong,Positive
agricultural_upstream_pct,developed_upstream_pct,0.936,<0.001,0.936,Very Strong,Positive
mean_air_temp_c,summer_mean_max_air_temp_c,0.928,<0.001,0.928,Very Strong,Positive
summer_mean_air_temp_c,summer_mean_max_air_temp_c,0.92,<0.001,0.92,Very Strong,Positive
summer_max_air_temp_c,summer_mean_max_air_temp_c,0.92,<0.001,0.92,Very Strong,Positive
mean_air_temp_c,summer_mean_air_temp_c,0.918,<0.001,0.918,Very Strong,Positive
developed_reach_pct,developed_upstream_pct,0.915,<0.001,0.915,Very Strong,Positive
veg_cover_upstream_pct,veg_height_upstream_m,0.906,<0.001,0.906,Very Strong,Positive
base_flow_index,developed_upstream_pct,-0.898,<0.001,0.898,Very Strong,Negative
base_flow_index,elevation_m,0.898,<0.001,0.898,Very Strong,Positive
wetlands_buffer_pct,wetlands_reach_pct,0.892,<0.001,0.892,Very Strong,Positive
agricultural_reach_pct,developed_reach_pct,0.89,<0.001,0.89,Very Strong,Positive
agricultural_reach_pct,developed_upstream_pct,0.888,<0.001,0.888,Very Strong,Positive
high_cascades_buffer_pct,high_cascades_reach_pct,0.876,<0.001,0.876,Very Strong,Positive
elevation_m,mean_stream_temp_c,-0.875,<0.001,0.875,Very Strong,Negative
burned_upstream_pct,shrub_upstream_pct,0.871,<0.001,0.871,Very Strong,Positive
base_flow_index,developed_reach_pct,-0.865,<0.001,0.865,Very Strong,Negative
agricultural_upstream_pct,base_flow_index,-0.859,<0.001,0.859,Very Strong,Negative
developed_reach_pct,wet_season_precip_mm,-0.859,<0.001,0.859,Very Strong,Negative
agricultural_reach_pct,wet_season_precip_mm,-0.856,<0.001,0.856,Very Strong,Negative
agricultural_upstream_pct,developed_reach_pct,0.855,<0.001,0.855,Very Strong,Positive
annual_precip_mm,developed_reach_pct,-0.852,<0.001,0.852,Very Strong,Negative
veg_cover_buffer_pct,veg_height_buffer_m,0.85,<0.001,0.85,Very Strong,Positive
agricultural_reach_pct,annual_precip_mm,-0.848,<0.001,0.848,Very Strong,Negative
forest_upstream_pct,veg_height_upstream_m,0.848,<0.001,0.848,Very Strong,Positive
elevation_m,wet_season_precip_mm,0.847,<0.001,0.847,Very Strong,Positive
agricultural_reach_pct,base_flow_index,-0.846,<0.001,0.846,Very Strong,Negative
forest_upstream_pct,veg_cover_upstream_pct,0.845,<0.001,0.845,Very Strong,Positive
developed_buffer_pct,developed_reach_pct,0.842,<0.001,0.842,Very Strong,Positive
developed_upstream_pct,wet_season_precip_mm,-0.841,<0.001,0.841,Very Strong,Negative
annual_precip_mm,elevation_m,0.836,<0.001,0.836,Very Strong,Positive
agricultural_upstream_pct,wet_season_precip_mm,-0.836,<0.001,0.836,Very Strong,Negative
agricultural_buffer_pct,agricultural_reach_pct,0.836,<0.001,0.836,Very Strong,Positive
developed_reach_pct,elevation_m,-0.835,<0.001,0.835,Very Strong,Negative
annual_precip_mm,developed_upstream_pct,-0.834,<0.001,0.834,Very Strong,Negative
agricultural_reach_pct,veg_height_reach_m,-0.83,<0.001,0.83,Very Strong,Negative
agricultural_upstream_pct,annual_precip_mm,-0.828,<0.001,0.828,Very Strong,Negative
agricultural_buffer_pct,developed_reach_pct,0.825,<0.001,0.825,Very Strong,Positive
elevation_m,veg_cover_reach_pct,0.824,<0.001,0.824,Very Strong,Positive
burned_buffer_pct,burned_reach_pct,0.819,<0.001,0.819,Very Strong,Positive
summer_max_air_temp_c,summer_precip_mm,-0.817,<0.001,0.817,Very Strong,Negative
mean_air_temp_c,summer_max_air_temp_c,0.817,<0.001,0.817,Very Strong,Positive
base_flow_index,mean_stream_temp_c,-0.815,<0.001,0.815,Very Strong,Negative
agricultural_reach_pct,elevation_m,-0.805,<0.001,0.805,Very Strong,Negative
developed_upstream_pct,elevation_m,-0.805,<0.001,0.805,Very Strong,Negative
agricultural_upstream_pct,veg_height_reach_m,-0.804,<0.001,0.804,Very Strong,Negative
developed_upstream_pct,veg_height_reach_m,-0.803,<0.001,0.803,Very Strong,Negative
agricultural_buffer_pct,agricultural_upstream_pct,0.798,<0.001,0.798,Very Strong,Positive
developed_reach_pct,veg_height_reach_m,-0.798,<0.001,0.798,Very Strong,Negative
elevation_m,veg_height_reach_m,0.796,<0.001,0.796,Very Strong,Positive
annual_precip_mm,summer_mean_air_temp_c,-0.794,<0.001,0.794,Very Strong,Negative
base_flow_index,veg_height_reach_m,0.793,<0.001,0.793,Very Strong,Positive
agricultural_buffer_pct,developed_upstream_pct,0.792,<0.001,0.792,Very Strong,Positive
lakes_buffer_pct,lakes_reach_pct,0.787,<0.001,0.787,Strong,Positive
agricultural_buffer_pct,developed_buffer_pct,0.786,<0.001,0.786,Strong,Positive
summer_mean_air_temp_c,wet_season_precip_mm,-0.784,<0.001,0.784,Strong,Negative
base_flow_index,wet_season_precip_mm,0.783,<0.001,0.783,Strong,Positive
high_cascades_upstream_pct,thermal_sensitivity,-0.778,<0.001,0.778,Strong,Negative
agricultural_buffer_pct,wet_season_precip_mm,-0.776,<0.001,0.776,Strong,Negative
annual_precip_mm,base_flow_index,0.775,<0.001,0.775,Strong,Positive
base_flow_index,thermal_sensitivity,-0.772,<0.001,0.772,Strong,Negative
veg_height_buffer_m,veg_height_reach_m,0.77,<0.001,0.77,Strong,Positive
developed_buffer_pct,developed_upstream_pct,0.768,<0.001,0.768,Strong,Positive
elevation_m,summer_mean_air_temp_c,-0.767,<0.001,0.767,Strong,Negative
mean_stream_temp_c,thermal_sensitivity,0.767,<0.001,0.767,Strong,Positive
agricultural_upstream_pct,elevation_m,-0.766,<0.001,0.766,Strong,Negative
agricultural_reach_pct,veg_cover_reach_pct,-0.765,<0.001,0.765,Strong,Negative
agricultural_buffer_pct,annual_precip_mm,-0.765,<0.001,0.765,Strong,Negative
agricultural_buffer_pct,summer_mean_air_temp_c,0.764,<0.001,0.764,Strong,Positive
agricultural_buffer_pct,elevation_m,-0.761,<0.001,0.761,Strong,Negative
developed_upstream_pct,veg_height_upstream_m,-0.758,<0.001,0.758,Strong,Negative
channel_slope,upstream_area_km2,-0.755,<0.001,0.755,Strong,Negative
veg_cover_reach_pct,veg_height_buffer_m,0.751,<0.001,0.751,Strong,Positive
summer_max_air_temp_c,summer_mean_air_temp_c,0.751,<0.001,0.751,Strong,Positive
developed_reach_pct,veg_cover_reach_pct,-0.75,<0.001,0.75,Strong,Negative
agricultural_buffer_pct,veg_height_reach_m,-0.746,<0.001,0.746,Strong,Negative
agricultural_buffer_pct,base_flow_index,-0.744,<0.001,0.744,Strong,Negative
veg_height_reach_m,wet_season_precip_mm,0.743,<0.001,0.743,Strong,Positive
agricultural_buffer_pct,summer_mean_max_air_temp_c,0.736,<0.001,0.736,Strong,Positive
agricultural_upstream_pct,veg_height_upstream_m,-0.734,<0.001,0.734,Strong,Negative
base_flow_index,veg_height_upstream_m,0.731,<0.001,0.731,Strong,Positive
base_flow_index,high_cascades_upstream_pct,0.729,<0.001,0.729,Strong,Positive
agricultural_reach_pct,developed_buffer_pct,0.729,<0.001,0.729,Strong,Positive
annual_precip_mm,veg_height_reach_m,0.728,<0.001,0.728,Strong,Positive
base_flow_index,veg_cover_reach_pct,0.727,<0.001,0.727,Strong,Positive
developed_upstream_pct,veg_cover_reach_pct,-0.727,<0.001,0.727,Strong,Negative
mean_stream_temp_c,veg_cover_reach_pct,-0.727,<0.001,0.727,Strong,Negative
veg_cover_reach_pct,wet_season_precip_mm,0.725,<0.001,0.725,Strong,Positive
veg_cover_buffer_pct,veg_cover_reach_pct,0.724,<0.001,0.724,Strong,Positive
agricultural_upstream_pct,developed_buffer_pct,0.723,<0.001,0.723,Strong,Positive
annual_precip_mm,summer_mean_max_air_temp_c,-0.722,<0.001,0.722,Strong,Negative
agricultural_buffer_pct,mean_air_temp_c,0.722,<0.001,0.722,Strong,Positive
agricultural_buffer_pct,veg_cover_reach_pct,-0.718,<0.001,0.718,Strong,Negative
agricultural_upstream_pct,veg_cover_reach_pct,-0.716,<0.001,0.716,Strong,Negative
developed_reach_pct,mean_stream_temp_c,0.716,<0.001,0.716,Strong,Positive
annual_precip_mm,veg_cover_reach_pct,0.714,<0.001,0.714,Strong,Positive
high_cascades_reach_pct,high_cascades_upstream_pct,0.714,<0.001,0.714,Strong,Positive
summer_mean_max_air_temp_c,wet_season_precip_mm,-0.706,<0.001,0.706,Strong,Negative
veg_height_reach_m,veg_height_upstream_m,0.702,<0.001,0.702,Strong,Positive
agricultural_reach_pct,mean_stream_temp_c,0.701,<0.001,0.701,Strong,Positive
developed_buffer_pct,wet_season_precip_mm,-0.7,<0.001,0.7,Strong,Negative
annual_precip_mm,mean_air_temp_c,-0.697,<0.001,0.697,Strong,Negative
base_flow_index,developed_buffer_pct,-0.694,<0.001,0.694,Strong,Negative
mean_stream_temp_c,veg_height_reach_m,-0.692,<0.001,0.692,Strong,Negative
elevation_m,thermal_sensitivity,-0.689,<0.001,0.689,Strong,Negative
mean_stream_temp_c,summer_mean_air_temp_c,0.688,<0.001,0.688,Strong,Positive
developed_reach_pct,lakes_buffer_pct,0.687,<0.001,0.687,Strong,Positive
annual_precip_mm,developed_buffer_pct,-0.686,<0.001,0.686,Strong,Negative
developed_buffer_pct,elevation_m,-0.686,<0.001,0.686,Strong,Negative
mean_air_temp_c,wet_season_precip_mm,-0.685,<0.001,0.685,Strong,Negative
elevation_m,veg_height_buffer_m,0.683,<0.001,0.683,Strong,Positive
developed_upstream_pct,thermal_sensitivity,0.679,<0.001,0.679,Strong,Positive
veg_cover_reach_pct,veg_height_upstream_m,0.678,<0.001,0.678,Strong,Positive
developed_upstream_pct,mean_stream_temp_c,0.673,<0.001,0.673,Strong,Positive
agricultural_buffer_pct,mean_stream_temp_c,0.671,<0.001,0.671,Strong,Positive
developed_upstream_pct,veg_cover_upstream_pct,-0.668,<0.001,0.668,Strong,Negative
developed_reach_pct,summer_mean_air_temp_c,0.666,<0.001,0.666,Strong,Positive
agricultural_upstream_pct,veg_cover_upstream_pct,-0.664,<0.001,0.664,Strong,Negative
agricultural_reach_pct,summer_mean_air_temp_c,0.662,<0.001,0.662,Strong,Positive
thermal_sensitivity,veg_height_upstream_m,-0.659,<0.001,0.659,Strong,Negative
agricultural_upstream_pct,mean_stream_temp_c,0.657,<0.001,0.657,Strong,Positive
agricultural_reach_pct,veg_height_upstream_m,-0.655,<0.001,0.655,Strong,Negative
agricultural_upstream_pct,thermal_sensitivity,0.649,<0.001,0.649,Strong,Positive
developed_reach_pct,lakes_reach_pct,0.648,<0.001,0.648,Strong,Positive
mean_stream_temp_c,veg_height_buffer_m,-0.648,<0.001,0.648,Strong,Negative
developed_reach_pct,veg_height_upstream_m,-0.647,<0.001,0.647,Strong,Negative
base_flow_index,high_cascades_reach_pct,0.644,<0.001,0.644,Strong,Positive
mean_stream_temp_c,wet_season_precip_mm,-0.642,<0.001,0.642,Strong,Negative
agricultural_upstream_pct,summer_mean_air_temp_c,0.64,<0.001,0.64,Strong,Positive
summer_mean_air_temp_c,veg_cover_reach_pct,-0.639,<0.001,0.639,Strong,Negative
developed_upstream_pct,summer_mean_air_temp_c,0.638,<0.001,0.638,Strong,Positive
developed_buffer_pct,veg_height_reach_m,-0.638,<0.001,0.638,Strong,Negative
base_flow_index,summer_mean_air_temp_c,-0.637,<0.001,0.637,Strong,Negative
elevation_m,mean_air_temp_c,-0.632,<0.001,0.632,Strong,Negative
high_cascades_reach_pct,mean_stream_temp_c,-0.632,<0.001,0.632,Strong,Negative
developed_buffer_pct,lakes_buffer_pct,0.632,<0.001,0.632,Strong,Positive
elevation_m,high_cascades_reach_pct,0.631,<0.001,0.631,Strong,Positive
annual_precip_mm,mean_stream_temp_c,-0.629,<0.001,0.629,Strong,Negative
mean_stream_temp_c,veg_cover_buffer_pct,-0.627,<0.001,0.627,Strong,Negative
elevation_m,veg_height_upstream_m,0.626,<0.001,0.626,Strong,Positive
agricultural_buffer_pct,veg_height_buffer_m,-0.625,<0.001,0.625,Strong,Negative
summer_mean_max_air_temp_c,summer_precip_mm,-0.623,<0.001,0.623,Strong,Negative
high_cascades_upstream_pct,veg_height_upstream_m,0.617,<0.001,0.617,Strong,Positive
burned_reach_pct,burned_upstream_pct,0.616,<0.001,0.616,Strong,Positive
agricultural_reach_pct,lakes_reach_pct,0.616,<0.001,0.616,Strong,Positive
veg_height_buffer_m,wet_season_precip_mm,0.615,<0.001,0.615,Strong,Positive
summer_mean_air_temp_c,veg_height_buffer_m,-0.615,<0.001,0.615,Strong,Negative
agricultural_reach_pct,thermal_sensitivity,0.615,<0.001,0.615,Strong,Positive
elevation_m,veg_cover_buffer_pct,0.613,<0.001,0.613,Strong,Positive
developed_buffer_pct,veg_cover_reach_pct,-0.613,<0.001,0.613,Strong,Negative
developed_reach_pct,veg_height_buffer_m,-0.61,<0.001,0.61,Strong,Negative
agricultural_upstream_pct,mean_air_temp_c,0.609,<0.001,0.609,Strong,Positive
mean_stream_temp_c,veg_height_upstream_m,-0.608,<0.001,0.608,Strong,Negative
high_cascades_upstream_pct,summer_precip_mm,-0.606,<0.001,0.606,Strong,Negative
agricultural_reach_pct,mean_air_temp_c,0.605,<0.001,0.605,Strong,Positive
high_cascades_upstream_pct,mean_stream_temp_c,-0.605,<0.001,0.605,Strong,Negative
veg_cover_buffer_pct,veg_height_reach_m,0.602,<0.001,0.602,Strong,Positive
road_density_buffer,road_density_reach,0.601,<0.001,0.601,Strong,Positive
annual_precip_mm,veg_height_buffer_m,0.598,<0.001,0.598,Strong,Positive
developed_reach_pct,mean_air_temp_c,0.598,<0.001,0.598,Strong,Positive
mean_air_temp_c,mean_stream_temp_c,0.597,<0.001,0.597,Strong,Positive
agricultural_reach_pct,veg_height_buffer_m,-0.597,<0.001,0.597,Strong,Negative
thermal_sensitivity,veg_height_reach_m,-0.596,<0.001,0.596,Strong,Negative
developed_upstream_pct,high_cascades_upstream_pct,-0.595,<0.001,0.595,Strong,Negative
summer_mean_air_temp_c,veg_height_reach_m,-0.595,<0.001,0.595,Strong,Negative
high_cascades_reach_pct,thermal_sensitivity,-0.593,<0.001,0.593,Strong,Negative
veg_cover_reach_pct,veg_cover_upstream_pct,0.593,<0.001,0.593,Strong,Positive
agricultural_buffer_pct,veg_height_upstream_m,-0.593,<0.001,0.593,Strong,Negative
developed_buffer_pct,summer_mean_air_temp_c,0.589,<0.001,0.589,Moderate,Positive
developed_upstream_pct,mean_air_temp_c,0.589,<0.001,0.589,Moderate,Positive
agricultural_upstream_pct,summer_mean_max_air_temp_c,0.586,<0.001,0.586,Moderate,Positive
summer_mean_air_temp_c,veg_cover_buffer_pct,-0.585,<0.001,0.585,Moderate,Negative
lakes_upstream_pct,wetlands_upstream_pct,0.584,<0.001,0.584,Moderate,Positive
base_flow_index,veg_height_buffer_m,0.582,<0.001,0.582,Moderate,Positive
developed_buffer_pct,mean_stream_temp_c,0.582,<0.001,0.582,Moderate,Positive
agricultural_reach_pct,summer_mean_max_air_temp_c,0.582,<0.001,0.582,Moderate,Positive
thermal_sensitivity,veg_cover_reach_pct,-0.578,<0.001,0.578,Moderate,Negative
channel_slope,veg_cover_buffer_pct,0.577,<0.001,0.577,Moderate,Positive
developed_buffer_pct,veg_height_buffer_m,-0.576,<0.001,0.576,Moderate,Negative
veg_cover_upstream_pct,veg_height_reach_m,0.575,<0.001,0.575,Moderate,Positive
agricultural_reach_pct,lakes_buffer_pct,0.573,<0.001,0.573,Moderate,Positive
developed_reach_pct,thermal_sensitivity,0.57,<0.001,0.57,Moderate,Positive
agricultural_reach_pct,veg_cover_upstream_pct,-0.57,<0.001,0.57,Moderate,Negative
developed_reach_pct,summer_mean_max_air_temp_c,0.57,<0.001,0.57,Moderate,Positive
developed_buffer_pct,veg_height_upstream_m,-0.569,<0.001,0.569,Moderate,Negative
annual_precip_mm,road_density_upstream,-0.568,<0.001,0.568,Moderate,Negative
developed_buffer_pct,lakes_reach_pct,0.568,<0.001,0.568,Moderate,Positive
elevation_m,high_cascades_upstream_pct,0.568,<0.001,0.568,Moderate,Positive
elevation_m,summer_mean_max_air_temp_c,-0.567,<0.001,0.567,Moderate,Negative
agricultural_upstream_pct,high_cascades_upstream_pct,-0.566,<0.001,0.566,Moderate,Negative
developed_upstream_pct,summer_mean_max_air_temp_c,0.565,<0.001,0.565,Moderate,Positive
base_flow_index,lakes_buffer_pct,-0.562,<0.001,0.562,Moderate,Negative
agricultural_buffer_pct,summer_max_air_temp_c,0.562,<0.001,0.562,Moderate,Positive
high_cascades_buffer_pct,high_cascades_upstream_pct,0.561,<0.001,0.561,Moderate,Positive
agricultural_buffer_pct,veg_cover_upstream_pct,-0.556,<0.001,0.556,Moderate,Negative
developed_buffer_pct,mean_air_temp_c,0.554,<0.001,0.554,Moderate,Positive
road_density_upstream,wet_season_precip_mm,-0.554,<0.001,0.554,Moderate,Negative
developed_upstream_pct,lakes_buffer_pct,0.553,<0.001,0.553,Moderate,Positive
base_flow_index,veg_cover_upstream_pct,0.549,<0.001,0.549,Moderate,Positive
developed_upstream_pct,lakes_reach_pct,0.548,<0.001,0.548,Moderate,Positive
developed_reach_pct,veg_cover_upstream_pct,-0.545,<0.001,0.545,Moderate,Negative
base_flow_index,high_cascades_buffer_pct,0.543,<0.001,0.543,Moderate,Positive
agricultural_upstream_pct,wetlands_upstream_pct,0.541,<0.001,0.541,Moderate,Positive
elevation_m,high_cascades_buffer_pct,0.541,<0.001,0.541,Moderate,Positive
elevation_m,lakes_buffer_pct,-0.541,<0.001,0.541,Moderate,Negative
channel_slope,mean_stream_temp_c,-0.54,<0.001,0.54,Moderate,Negative
base_flow_index,lakes_reach_pct,-0.536,<0.001,0.536,Moderate,Negative
base_flow_index,mean_air_temp_c,-0.535,<0.001,0.535,Moderate,Negative
mean_air_temp_c,veg_cover_reach_pct,-0.533,<0.001,0.533,Moderate,Negative
developed_reach_pct,wetlands_reach_pct,0.532,<0.001,0.532,Moderate,Positive
veg_height_upstream_m,wet_season_precip_mm,0.53,<0.001,0.53,Moderate,Positive
high_cascades_buffer_pct,mean_stream_temp_c,-0.529,<0.001,0.529,Moderate,Negative
developed_buffer_pct,summer_mean_max_air_temp_c,0.529,<0.001,0.529,Moderate,Positive
annual_precip_mm,summer_max_air_temp_c,-0.529,<0.001,0.529,Moderate,Negative
high_cascades_reach_pct,veg_height_reach_m,0.528,<0.001,0.528,Moderate,Positive
agricultural_upstream_pct,veg_height_buffer_m,-0.527,<0.001,0.527,Moderate,Negative
developed_upstream_pct,wetlands_upstream_pct,0.525,<0.001,0.525,Moderate,Positive
mean_air_temp_c,veg_height_buffer_m,-0.524,<0.001,0.524,Moderate,Negative
elevation_m,lakes_reach_pct,-0.524,<0.001,0.524,Moderate,Negative
road_density_reach,summer_mean_air_temp_c,0.524,<0.001,0.524,Moderate,Positive
forest_upstream_pct,veg_height_reach_m,0.52,<0.001,0.52,Moderate,Positive
road_density_reach,summer_mean_max_air_temp_c,0.519,<0.001,0.519,Moderate,Positive
developed_upstream_pct,veg_height_buffer_m,-0.517,<0.001,0.517,Moderate,Negative
road_density_upstream,summer_mean_max_air_temp_c,0.517,<0.001,0.517,Moderate,Positive
agricultural_reach_pct,wetlands_upstream_pct,0.516,<0.001,0.516,Moderate,Positive
mean_air_temp_c,veg_height_reach_m,-0.516,<0.001,0.516,Moderate,Negative
wet_season_precip_mm,wetlands_upstream_pct,-0.514,<0.001,0.514,Moderate,Negative
developed_buffer_pct,veg_cover_upstream_pct,-0.512,<0.001,0.512,Moderate,Negative
summer_max_air_temp_c,wet_season_precip_mm,-0.511,<0.001,0.511,Moderate,Negative
annual_precip_mm,wetlands_upstream_pct,-0.511,<0.001,0.511,Moderate,Negative
agricultural_reach_pct,wetlands_reach_pct,0.51,<0.001,0.51,Moderate,Positive
channel_slope,summer_mean_air_temp_c,-0.509,<0.001,0.509,Moderate,Negative
annual_precip_mm,veg_height_upstream_m,0.508,<0.001,0.508,Moderate,Positive
agricultural_reach_pct,high_cascades_upstream_pct,-0.508,<0.001,0.508,Moderate,Negative
agricultural_upstream_pct,forest_upstream_pct,-0.507,<0.001,0.507,Moderate,Negative
developed_reach_pct,wetlands_buffer_pct,0.505,<0.001,0.505,Moderate,Positive
agricultural_buffer_pct,veg_cover_buffer_pct,-0.505,<0.001,0.505,Moderate,Negative
mean_air_temp_c,road_density_upstream,0.505,<0.001,0.505,Moderate,Positive
agricultural_upstream_pct,lakes_reach_pct,0.504,<0.001,0.504,Moderate,Positive
summer_mean_max_air_temp_c,veg_height_buffer_m,-0.503,<0.001,0.503,Moderate,Negative
forest_upstream_pct,veg_cover_reach_pct,0.503,<0.001,0.503,Moderate,Positive
road_density_reach,summer_max_air_temp_c,0.502,<0.001,0.502,Moderate,Positive
lakes_buffer_pct,wet_season_precip_mm,-0.501,<0.001,0.501,Moderate,Negative
burned_reach_pct,shrub_upstream_pct,0.5,<0.001,0.5,Moderate,Positive
upstream_area_km2,veg_cover_buffer_pct,-0.5,<0.001,0.5,Moderate,Negative
high_cascades_upstream_pct,veg_height_reach_m,0.5,<0.001,0.5,Moderate,Positive
thermal_sensitivity,wet_season_precip_mm,-0.499,<0.001,0.499,Moderate,Negative
high_cascades_reach_pct,solar_exposure,-0.498,<0.001,0.498,Moderate,Negative
developed_upstream_pct,forest_upstream_pct,-0.498,<0.001,0.498,Moderate,Negative
developed_reach_pct,wetlands_upstream_pct,0.497,<0.001,0.497,Moderate,Positive
high_cascades_reach_pct,veg_cover_reach_pct,0.497,<0.001,0.497,Moderate,Positive
annual_precip_mm,lakes_buffer_pct,-0.495,<0.001,0.495,Moderate,Negative
agricultural_buffer_pct,wetlands_upstream_pct,0.494,<0.001,0.494,Moderate,Positive
mean_air_temp_c,road_density_reach,0.494,<0.001,0.494,Moderate,Positive
developed_reach_pct,road_density_upstream,0.492,<0.001,0.492,Moderate,Positive
base_flow_index,wetlands_upstream_pct,-0.49,<0.001,0.49,Moderate,Negative
lakes_reach_pct,wet_season_precip_mm,-0.49,<0.001,0.49,Moderate,Negative
mean_stream_temp_c,summer_mean_max_air_temp_c,0.49,<0.001,0.49,Moderate,Positive
elevation_m,wetlands_upstream_pct,-0.489,<0.001,0.489,Moderate,Negative
annual_precip_mm,thermal_sensitivity,-0.489,<0.001,0.489,Moderate,Negative
developed_reach_pct,high_cascades_upstream_pct,-0.487,<0.001,0.487,Moderate,Negative
mean_air_temp_c,veg_cover_buffer_pct,-0.486,<0.001,0.486,Moderate,Negative
thermal_sensitivity,veg_cover_upstream_pct,-0.486,<0.001,0.486,Moderate,Negative
annual_precip_mm,lakes_reach_pct,-0.485,<0.001,0.485,Moderate,Negative
road_density_reach,veg_height_buffer_m,-0.485,<0.001,0.485,Moderate,Negative
channel_slope,elevation_m,0.484,<0.001,0.484,Moderate,Positive
road_density_reach,veg_cover_buffer_pct,-0.483,<0.001,0.483,Moderate,Negative
agricultural_buffer_pct,wetlands_reach_pct,0.483,<0.001,0.483,Moderate,Positive
agricultural_reach_pct,wetlands_buffer_pct,0.483,<0.001,0.483,Moderate,Positive
lakes_buffer_pct,veg_height_reach_m,-0.483,<0.001,0.483,Moderate,Negative
agricultural_upstream_pct,lakes_buffer_pct,0.483,<0.001,0.483,Moderate,Positive
burned_buffer_pct,burned_upstream_pct,0.482,<0.001,0.482,Moderate,Positive
high_cascades_reach_pct,summer_precip_mm,-0.482,<0.001,0.482,Moderate,Negative
summer_mean_max_air_temp_c,veg_cover_reach_pct,-0.481,<0.001,0.481,Moderate,Negative
high_cascades_buffer_pct,thermal_sensitivity,-0.479,<0.001,0.479,Moderate,Negative
agricultural_upstream_pct,wetlands_reach_pct,0.479,<0.001,0.479,Moderate,Positive
agricultural_buffer_pct,thermal_sensitivity,0.479,<0.001,0.479,Moderate,Positive
road_density_upstream,summer_mean_air_temp_c,0.479,<0.001,0.479,Moderate,Positive
veg_height_buffer_m,wetlands_reach_pct,-0.477,<0.001,0.477,Moderate,Negative
base_flow_index,forest_upstream_pct,0.477,<0.001,0.477,Moderate,Positive
channel_slope,veg_height_buffer_m,0.476,<0.001,0.476,Moderate,Positive
veg_height_reach_m,wetlands_reach_pct,-0.475,<0.001,0.475,Moderate,Negative
developed_upstream_pct,wetlands_reach_pct,0.474,<0.001,0.474,Moderate,Positive
wet_season_precip_mm,wetlands_buffer_pct,-0.473,<0.001,0.473,Moderate,Negative
summer_mean_max_air_temp_c,veg_height_reach_m,-0.473,<0.001,0.473,Moderate,Negative
veg_height_reach_m,wetlands_buffer_pct,-0.473,<0.001,0.473,Moderate,Negative
base_flow_index,summer_mean_max_air_temp_c,-0.47,<0.001,0.47,Moderate,Negative
road_density_upstream,summer_max_air_temp_c,0.47,<0.001,0.47,Moderate,Positive
veg_cover_upstream_pct,wet_season_precip_mm,0.469,<0.001,0.469,Moderate,Positive
developed_upstream_pct,road_density_upstream,0.467,<0.001,0.467,Moderate,Positive
elevation_m,veg_cover_upstream_pct,0.467,<0.001,0.467,Moderate,Positive
agricultural_buffer_pct,road_density_upstream,0.465,<0.001,0.465,Moderate,Positive
developed_buffer_pct,road_density_upstream,0.464,<0.001,0.464,Moderate,Positive
veg_cover_buffer_pct,wet_season_precip_mm,0.464,<0.001,0.464,Moderate,Positive
wet_season_precip_mm,wetlands_reach_pct,-0.463,<0.001,0.463,Moderate,Negative
mean_stream_temp_c,veg_cover_upstream_pct,-0.463,<0.001,0.463,Moderate,Negative
agricultural_buffer_pct,lakes_reach_pct,0.463,<0.001,0.463,Moderate,Positive
summer_mean_max_air_temp_c,veg_cover_buffer_pct,-0.461,<0.001,0.461,Moderate,Negative
burned_upstream_pct,lakes_upstream_pct,0.461,<0.001,0.461,Moderate,Positive
veg_cover_upstream_pct,wetlands_buffer_pct,-0.457,<0.001,0.457,Moderate,Negative
developed_upstream_pct,wetlands_buffer_pct,0.457,<0.001,0.457,Moderate,Positive
annual_precip_mm,veg_cover_buffer_pct,0.456,<0.001,0.456,Moderate,Positive
burned_upstream_pct,solar_exposure,-0.456,<0.001,0.456,Moderate,Negative
mean_air_temp_c,summer_precip_mm,-0.454,<0.001,0.454,Moderate,Negative
developed_buffer_pct,wetlands_reach_pct,0.454,<0.001,0.454,Moderate,Positive
lakes_buffer_pct,mean_stream_temp_c,0.454,<0.001,0.454,Moderate,Positive
veg_cover_upstream_pct,wetlands_reach_pct,-0.453,<0.001,0.453,Moderate,Negative
veg_height_buffer_m,wetlands_buffer_pct,-0.452,<0.001,0.452,Moderate,Negative
forest_upstream_pct,high_cascades_upstream_pct,0.452,<0.001,0.452,Moderate,Positive
agricultural_buffer_pct,wetlands_buffer_pct,0.452,<0.001,0.452,Moderate,Positive
agricultural_upstream_pct,wetlands_buffer_pct,0.451,<0.001,0.451,Moderate,Positive
developed_buffer_pct,thermal_sensitivity,0.451,<0.001,0.451,Moderate,Positive
burned_upstream_pct,upstream_area_km2,0.45,<0.001,0.45,Moderate,Positive
annual_precip_mm,veg_cover_upstream_pct,0.45,<0.001,0.45,Moderate,Positive
annual_precip_mm,wetlands_buffer_pct,-0.45,<0.001,0.45,Moderate,Negative
veg_cover_reach_pct,wetlands_reach_pct,-0.45,<0.001,0.45,Moderate,Negative
agricultural_upstream_pct,road_density_upstream,0.448,<0.001,0.448,Moderate,Positive
annual_precip_mm,wetlands_reach_pct,-0.448,<0.001,0.448,Moderate,Negative
lakes_buffer_pct,veg_height_buffer_m,-0.446,<0.001,0.446,Moderate,Negative
veg_height_buffer_m,veg_height_upstream_m,0.445,<0.001,0.445,Moderate,Positive
veg_height_upstream_m,wetlands_reach_pct,-0.444,<0.001,0.444,Moderate,Negative
high_cascades_upstream_pct,veg_cover_reach_pct,0.442,<0.001,0.442,Moderate,Positive
summer_mean_air_temp_c,wetlands_upstream_pct,0.442,<0.001,0.442,Moderate,Positive
road_density_upstream,veg_height_buffer_m,-0.441,<0.001,0.441,Moderate,Negative
lakes_upstream_pct,shrub_upstream_pct,0.441,<0.001,0.441,Moderate,Positive
developed_reach_pct,high_cascades_reach_pct,-0.44,<0.001,0.44,Moderate,Negative
developed_upstream_pct,high_cascades_reach_pct,-0.44,<0.001,0.44,Moderate,Negative
lakes_reach_pct,veg_height_reach_m,-0.44,<0.001,0.44,Moderate,Negative
agricultural_buffer_pct,lakes_buffer_pct,0.44,<0.001,0.44,Moderate,Positive
lakes_reach_pct,wetlands_reach_pct,0.439,<0.001,0.439,Moderate,Positive
summer_mean_air_temp_c,wetlands_reach_pct,0.439,<0.001,0.439,Moderate,Positive
burned_upstream_pct,developed_upstream_pct,-0.439,<0.001,0.439,Moderate,Negative
veg_cover_reach_pct,wetlands_upstream_pct,-0.438,<0.001,0.438,Moderate,Negative
channel_slope,mean_air_temp_c,-0.437,<0.001,0.437,Moderate,Negative
developed_reach_pct,veg_cover_buffer_pct,-0.436,<0.001,0.436,Moderate,Negative
summer_precip_mm,thermal_sensitivity,0.434,<0.001,0.434,Moderate,Positive
agricultural_reach_pct,forest_upstream_pct,-0.431,<0.001,0.431,Moderate,Negative
lakes_buffer_pct,veg_cover_reach_pct,-0.43,<0.001,0.43,Moderate,Negative
agricultural_reach_pct,high_cascades_reach_pct,-0.43,<0.001,0.43,Moderate,Negative
agricultural_upstream_pct,high_cascades_reach_pct,-0.43,<0.001,0.43,Moderate,Negative
agricultural_upstream_pct,burned_upstream_pct,-0.43,<0.001,0.43,Moderate,Negative
agricultural_buffer_pct,forest_upstream_pct,-0.428,<0.001,0.428,Moderate,Negative
developed_buffer_pct,wetlands_buffer_pct,0.427,<0.001,0.427,Moderate,Positive
veg_cover_reach_pct,wetlands_buffer_pct,-0.426,<0.001,0.426,Moderate,Negative
high_cascades_reach_pct,veg_height_buffer_m,0.426,<0.001,0.426,Moderate,Positive
developed_reach_pct,forest_upstream_pct,-0.425,<0.001,0.425,Moderate,Negative
agricultural_reach_pct,road_density_upstream,0.424,<0.001,0.424,Moderate,Positive
road_density_upstream,veg_height_reach_m,-0.423,<0.001,0.423,Moderate,Negative
road_density_upstream,wetlands_upstream_pct,0.423,<0.001,0.423,Moderate,Positive
high_cascades_buffer_pct,veg_height_reach_m,0.422,<0.001,0.422,Moderate,Positive
high_cascades_buffer_pct,summer_precip_mm,-0.421,<0.001,0.421,Moderate,Negative
developed_buffer_pct,wetlands_upstream_pct,0.421,<0.001,0.421,Moderate,Positive
veg_height_upstream_m,wetlands_buffer_pct,-0.42,<0.001,0.42,Moderate,Negative
lakes_reach_pct,veg_cover_reach_pct,-0.418,<0.001,0.418,Moderate,Negative
elevation_m,wetlands_reach_pct,-0.417,<0.001,0.417,Moderate,Negative
road_density_upstream,veg_cover_reach_pct,-0.416,<0.001,0.416,Moderate,Negative
channel_slope,summer_mean_max_air_temp_c,-0.413,<0.001,0.413,Moderate,Negative
base_flow_index,wetlands_reach_pct,-0.412,<0.001,0.412,Moderate,Negative
developed_buffer_pct,veg_cover_buffer_pct,-0.411,<0.001,0.411,Moderate,Negative
veg_height_reach_m,wetlands_upstream_pct,-0.409,<0.001,0.409,Moderate,Negative
forest_upstream_pct,thermal_sensitivity,-0.407,<0.001,0.407,Moderate,Negative
veg_cover_upstream_pct,wetlands_upstream_pct,-0.407,<0.001,0.407,Moderate,Negative
high_cascades_upstream_pct,veg_cover_upstream_pct,0.407,<0.001,0.407,Moderate,Positive
veg_cover_buffer_pct,wetlands_reach_pct,-0.407,<0.001,0.407,Moderate,Negative
summer_mean_max_air_temp_c,wetlands_reach_pct,0.406,<0.001,0.406,Moderate,Positive
road_density_reach,wetlands_reach_pct,0.403,<0.001,0.403,Moderate,Positive
high_cascades_buffer_pct,veg_height_buffer_m,0.403,<0.001,0.403,Moderate,Positive
road_density_reach,wetlands_buffer_pct,0.403,<0.001,0.403,Moderate,Positive
agricultural_reach_pct,veg_cover_buffer_pct,-0.403,<0.001,0.403,Moderate,Negative
veg_height_upstream_m,wetlands_upstream_pct,-0.401,<0.001,0.401,Moderate,Negative
high_cascades_reach_pct,summer_mean_air_temp_c,-0.401,<0.001,0.401,Moderate,Negative
channel_slope,veg_cover_reach_pct,0.398,<0.001,0.398,Moderate,Positive
road_density_reach,summer_precip_mm,-0.397,<0.001,0.397,Moderate,Negative
high_cascades_reach_pct,wet_season_precip_mm,0.396,<0.001,0.396,Moderate,Positive
summer_mean_max_air_temp_c,wetlands_buffer_pct,0.395,<0.001,0.395,Moderate,Positive
base_flow_index,veg_cover_buffer_pct,0.394,<0.001,0.394,Moderate,Positive
lakes_reach_pct,wetlands_upstream_pct,0.394,<0.001,0.394,Moderate,Positive
burned_buffer_pct,shrub_upstream_pct,0.393,<0.001,0.393,Moderate,Positive
summer_mean_max_air_temp_c,wetlands_upstream_pct,0.392,<0.001,0.392,Moderate,Positive
lakes_buffer_pct,wetlands_buffer_pct,0.392,<0.001,0.392,Moderate,Positive
lakes_upstream_pct,upstream_area_km2,0.391,<0.001,0.391,Moderate,Positive
lakes_reach_pct,veg_height_upstream_m,-0.391,<0.001,0.391,Moderate,Negative
summer_mean_air_temp_c,wetlands_buffer_pct,0.39,<0.001,0.39,Moderate,Positive
summer_mean_air_temp_c,thermal_sensitivity,0.389,<0.001,0.389,Weak,Positive
high_cascades_upstream_pct,lakes_reach_pct,-0.387,<0.001,0.387,Weak,Negative
lakes_reach_pct,mean_stream_temp_c,0.384,<0.001,0.384,Weak,Positive
annual_precip_mm,high_cascades_reach_pct,0.383,<0.001,0.383,Weak,Positive
mean_air_temp_c,veg_cover_upstream_pct,-0.383,<0.001,0.383,Weak,Negative
developed_buffer_pct,high_cascades_upstream_pct,-0.383,<0.001,0.383,Weak,Negative
mean_air_temp_c,wetlands_reach_pct,0.383,<0.001,0.383,Weak,Positive
lakes_buffer_pct,wetlands_reach_pct,0.382,<0.001,0.382,Weak,Positive
agricultural_upstream_pct,burned_reach_pct,-0.382,<0.001,0.382,Weak,Negative
high_cascades_buffer_pct,solar_exposure,-0.382,<0.001,0.382,Weak,Negative
road_density_upstream,summer_precip_mm,-0.381,<0.001,0.381,Weak,Negative
forest_upstream_pct,upstream_area_km2,0.379,0.001,0.379,Weak,Positive
mean_stream_temp_c,wetlands_reach_pct,0.378,0.001,0.378,Weak,Positive
thermal_sensitivity,veg_height_buffer_m,-0.378,0.001,0.378,Weak,Negative
base_flow_index,burned_upstream_pct,0.377,0.001,0.377,Weak,Positive
burned_reach_pct,developed_upstream_pct,-0.375,0.001,0.375,Weak,Negative
lakes_buffer_pct,thermal_sensitivity,0.374,0.001,0.374,Weak,Positive
shrub_upstream_pct,upstream_area_km2,0.373,0.001,0.373,Weak,Positive
summer_mean_air_temp_c,summer_precip_mm,-0.372,0.001,0.372,Weak,Negative
forest_upstream_pct,mean_stream_temp_c,-0.371,0.001,0.371,Weak,Negative
annual_precip_mm,channel_slope,0.37,0.001,0.37,Weak,Positive
developed_buffer_pct,road_density_reach,0.37,0.001,0.37,Weak,Positive
high_cascades_buffer_pct,veg_cover_reach_pct,0.369,0.001,0.369,Weak,Positive
mean_air_temp_c,wetlands_upstream_pct,0.368,0.001,0.368,Weak,Positive
high_cascades_reach_pct,lakes_reach_pct,-0.367,0.002,0.367,Weak,Negative
summer_mean_air_temp_c,veg_height_upstream_m,-0.367,0.002,0.367,Weak,Negative
road_density_reach,road_density_upstream,0.366,0.002,0.366,Weak,Positive
developed_reach_pct,high_cascades_buffer_pct,-0.366,0.002,0.366,Weak,Negative
developed_upstream_pct,high_cascades_buffer_pct,-0.366,0.002,0.366,Weak,Negative
elevation_m,wetlands_buffer_pct,-0.365,0.002,0.365,Weak,Negative
agricultural_buffer_pct,high_cascades_upstream_pct,-0.364,0.002,0.364,Weak,Negative
annual_precip_mm,burned_upstream_pct,0.361,0.002,0.361,Weak,Positive
wetlands_reach_pct,wetlands_upstream_pct,0.359,0.002,0.359,Weak,Positive
base_flow_index,wetlands_buffer_pct,-0.359,0.002,0.359,Weak,Negative
burned_upstream_pct,wet_season_precip_mm,0.358,0.002,0.358,Weak,Positive
high_cascades_buffer_pct,lakes_reach_pct,-0.358,0.002,0.358,Weak,Negative
agricultural_reach_pct,high_cascades_buffer_pct,-0.358,0.002,0.358,Weak,Negative
agricultural_upstream_pct,high_cascades_buffer_pct,-0.358,0.002,0.358,Weak,Negative
lakes_buffer_pct,veg_height_upstream_m,-0.357,0.002,0.357,Weak,Negative
veg_cover_upstream_pct,veg_height_buffer_m,0.356,0.002,0.356,Weak,Positive
channel_slope,wet_season_precip_mm,0.356,0.002,0.356,Weak,Positive
mean_air_temp_c,wetlands_buffer_pct,0.355,0.002,0.355,Weak,Positive
shrub_upstream_pct,solar_exposure,-0.354,0.002,0.354,Weak,Negative
summer_mean_air_temp_c,veg_cover_upstream_pct,-0.354,0.002,0.354,Weak,Negative
veg_height_buffer_m,wetlands_upstream_pct,-0.353,0.002,0.353,Weak,Negative
elevation_m,road_density_upstream,-0.352,0.002,0.352,Weak,Negative
summer_max_air_temp_c,veg_height_buffer_m,-0.349,0.003,0.349,Weak,Negative
developed_buffer_pct,forest_upstream_pct,-0.349,0.003,0.349,Weak,Negative
summer_max_air_temp_c,veg_cover_buffer_pct,-0.349,0.003,0.349,Weak,Negative
agricultural_upstream_pct,summer_max_air_temp_c,0.348,0.003,0.348,Weak,Positive
lakes_reach_pct,thermal_sensitivity,0.347,0.003,0.347,Weak,Positive
high_cascades_buffer_pct,wet_season_precip_mm,0.347,0.003,0.347,Weak,Positive
high_cascades_reach_pct,veg_height_upstream_m,0.345,0.003,0.345,Weak,Positive
mean_air_temp_c,veg_height_upstream_m,-0.344,0.003,0.344,Weak,Negative
mean_stream_temp_c,wetlands_upstream_pct,0.343,0.003,0.343,Weak,Positive
agricultural_reach_pct,burned_upstream_pct,-0.341,0.003,0.341,Weak,Negative
high_cascades_reach_pct,lakes_buffer_pct,-0.34,0.003,0.34,Weak,Negative
developed_buffer_pct,high_cascades_reach_pct,-0.34,0.003,0.34,Weak,Negative
veg_cover_buffer_pct,wetlands_buffer_pct,-0.339,0.004,0.339,Weak,Negative
agricultural_buffer_pct,channel_slope,-0.339,0.004,0.339,Weak,Negative
base_flow_index,road_density_upstream,-0.339,0.004,0.339,Weak,Negative
road_density_reach,veg_cover_reach_pct,-0.339,0.004,0.339,Weak,Negative
developed_reach_pct,summer_max_air_temp_c,0.337,0.004,0.337,Weak,Positive
lakes_reach_pct,wetlands_buffer_pct,0.335,0.004,0.335,Weak,Positive
lakes_reach_pct,veg_height_buffer_m,-0.335,0.004,0.335,Weak,Negative
summer_max_air_temp_c,wetlands_buffer_pct,0.334,0.004,0.334,Weak,Positive
high_cascades_buffer_pct,summer_mean_air_temp_c,-0.333,0.004,0.333,Weak,Negative
veg_cover_buffer_pct,veg_height_upstream_m,0.333,0.004,0.333,Weak,Positive
channel_slope,lakes_upstream_pct,-0.333,0.004,0.333,Weak,Negative
high_cascades_upstream_pct,solar_exposure,-0.333,0.004,0.333,Weak,Negative
burned_reach_pct,wet_season_precip_mm,0.333,0.004,0.333,Weak,Positive
elevation_m,forest_upstream_pct,0.332,0.004,0.332,Weak,Positive
road_density_reach,upstream_area_km2,0.332,0.004,0.332,Weak,Positive
channel_slope,road_density_reach,-0.331,0.005,0.331,Weak,Negative
agricultural_reach_pct,summer_max_air_temp_c,0.331,0.005,0.331,Weak,Positive
agricultural_buffer_pct,road_density_reach,0.33,0.005,0.33,Weak,Positive
high_cascades_upstream_pct,lakes_buffer_pct,-0.33,0.005,0.33,Weak,Negative
annual_precip_mm,high_cascades_buffer_pct,0.329,0.005,0.329,Weak,Positive
road_density_upstream,shrub_upstream_pct,-0.329,0.005,0.329,Weak,Negative
road_density_reach,wet_season_precip_mm,-0.328,0.005,0.328,Weak,Negative
high_cascades_upstream_pct,wet_season_precip_mm,0.328,0.005,0.328,Weak,Positive
mean_air_temp_c,thermal_sensitivity,0.327,0.005,0.327,Weak,Positive
agricultural_reach_pct,burned_reach_pct,-0.327,0.005,0.327,Weak,Negative
annual_precip_mm,road_density_reach,-0.326,0.005,0.326,Weak,Negative
summer_mean_max_air_temp_c,veg_cover_upstream_pct,-0.326,0.005,0.326,Weak,Negative
developed_buffer_pct,summer_max_air_temp_c,0.326,0.005,0.326,Weak,Positive
summer_mean_air_temp_c,upstream_area_km2,0.324,0.005,0.324,Weak,Positive
burned_upstream_pct,high_cascades_upstream_pct,0.324,0.006,0.324,Weak,Positive
agricultural_reach_pct,channel_slope,-0.324,0.006,0.324,Weak,Negative
lakes_reach_pct,summer_mean_air_temp_c,0.323,0.006,0.323,Weak,Positive
forest_upstream_pct,shrub_upstream_pct,-0.321,0.006,0.321,Weak,Negative
agricultural_buffer_pct,high_cascades_reach_pct,-0.32,0.006,0.32,Weak,Negative
high_cascades_reach_pct,veg_cover_buffer_pct,0.32,0.006,0.32,Weak,Positive
mean_stream_temp_c,upstream_area_km2,0.319,0.006,0.319,Weak,Positive
annual_precip_mm,burned_reach_pct,0.318,0.007,0.318,Weak,Positive
forest_upstream_pct,wetlands_reach_pct,-0.317,0.007,0.317,Weak,Negative
developed_upstream_pct,summer_max_air_temp_c,0.316,0.007,0.316,Weak,Positive
mean_stream_temp_c,wetlands_buffer_pct,0.315,0.007,0.315,Weak,Positive
lakes_buffer_pct,summer_mean_air_temp_c,0.315,0.007,0.315,Weak,Positive
road_density_upstream,veg_cover_buffer_pct,-0.314,0.007,0.314,Weak,Negative
forest_upstream_pct,wetlands_buffer_pct,-0.314,0.007,0.314,Weak,Negative
high_cascades_upstream_pct,lakes_upstream_pct,0.314,0.007,0.314,Weak,Positive
upstream_area_km2,veg_height_buffer_m,-0.313,0.007,0.313,Weak,Negative
high_cascades_upstream_pct,upstream_area_km2,0.312,0.008,0.312,Weak,Positive
agricultural_upstream_pct,veg_cover_buffer_pct,-0.312,0.008,0.312,Weak,Negative
developed_upstream_pct,veg_cover_buffer_pct,-0.311,0.008,0.311,Weak,Negative
channel_slope,summer_max_air_temp_c,-0.311,0.008,0.311,Weak,Negative
annual_precip_mm,high_cascades_upstream_pct,0.31,0.008,0.31,Weak,Positive
veg_cover_buffer_pct,veg_cover_upstream_pct,0.303,0.01,0.303,Weak,Positive
lakes_buffer_pct,wetlands_upstream_pct,0.302,0.01,0.302,Weak,Positive
summer_max_air_temp_c,wetlands_reach_pct,0.302,0.01,0.302,Weak,Positive
channel_slope,shrub_upstream_pct,-0.302,0.01,0.302,Weak,Negative
burned_upstream_pct,channel_slope,-0.301,0.01,0.301,Weak,Negative
developed_reach_pct,road_density_reach,0.299,0.011,0.299,Weak,Positive
elevation_m,summer_max_air_temp_c,-0.296,0.012,0.296,Weak,Negative
burned_buffer_pct,veg_cover_buffer_pct,-0.294,0.012,0.294,Weak,Negative
base_flow_index,channel_slope,0.294,0.012,0.294,Weak,Positive
burned_upstream_pct,developed_reach_pct,-0.291,0.013,0.291,Weak,Negative
road_density_upstream,veg_height_upstream_m,-0.291,0.013,0.291,Weak,Negative
thermal_sensitivity,veg_cover_buffer_pct,-0.29,0.013,0.29,Weak,Negative
wetlands_buffer_pct,wetlands_upstream_pct,0.29,0.014,0.29,Weak,Positive
road_density_reach,veg_height_reach_m,-0.288,0.014,0.288,Weak,Negative
road_density_buffer,veg_cover_buffer_pct,-0.288,0.014,0.288,Weak,Negative
burned_upstream_pct,veg_cover_buffer_pct,-0.287,0.015,0.287,Weak,Negative
road_density_upstream,veg_cover_upstream_pct,-0.285,0.015,0.285,Weak,Negative
channel_slope,veg_height_reach_m,0.283,0.016,0.283,Weak,Positive
high_cascades_buffer_pct,lakes_buffer_pct,-0.283,0.016,0.283,Weak,Negative
developed_buffer_pct,high_cascades_buffer_pct,-0.283,0.016,0.283,Weak,Negative
channel_slope,thermal_sensitivity,-0.282,0.016,0.282,Weak,Negative
veg_cover_buffer_pct,wetlands_upstream_pct,-0.281,0.017,0.281,Weak,Negative
high_cascades_buffer_pct,veg_height_upstream_m,0.28,0.017,0.28,Weak,Positive
base_flow_index,solar_exposure,-0.279,0.017,0.279,Weak,Negative
burned_upstream_pct,road_density_upstream,-0.279,0.018,0.279,Weak,Negative
channel_slope,developed_reach_pct,-0.279,0.018,0.279,Weak,Negative
burned_upstream_pct,high_cascades_reach_pct,0.278,0.018,0.278,Weak,Positive
road_density_buffer,road_density_upstream,0.276,0.019,0.276,Weak,Positive
road_density_buffer,veg_height_buffer_m,-0.276,0.019,0.276,Weak,Negative
upstream_area_km2,veg_height_upstream_m,0.275,0.019,0.275,Weak,Positive
burned_reach_pct,upstream_area_km2,0.275,0.019,0.275,Weak,Positive
burned_upstream_pct,developed_buffer_pct,-0.273,0.021,0.273,Weak,Negative
mean_stream_temp_c,road_density_reach,0.273,0.021,0.273,Weak,Positive
base_flow_index,burned_reach_pct,0.271,0.021,0.271,Weak,Positive
forest_upstream_pct,wetlands_upstream_pct,-0.27,0.022,0.27,Weak,Negative
shrub_upstream_pct,veg_cover_buffer_pct,-0.27,0.022,0.27,Weak,Negative
forest_upstream_pct,veg_height_buffer_m,0.269,0.023,0.269,Weak,Positive
forest_upstream_pct,wet_season_precip_mm,0.267,0.024,0.267,Weak,Positive
summer_max_air_temp_c,veg_cover_reach_pct,-0.266,0.024,0.266,Weak,Negative
agricultural_buffer_pct,high_cascades_buffer_pct,-0.266,0.024,0.266,Weak,Negative
elevation_m,road_density_reach,-0.266,0.024,0.266,Weak,Negative
burned_reach_pct,summer_mean_max_air_temp_c,-0.265,0.024,0.265,Weak,Negative
burned_reach_pct,developed_reach_pct,-0.263,0.025,0.263,Weak,Negative
lakes_buffer_pct,road_density_upstream,0.263,0.026,0.263,Weak,Positive
road_density_reach,wetlands_upstream_pct,0.262,0.026,0.262,Weak,Positive
burned_reach_pct,veg_cover_buffer_pct,-0.262,0.026,0.262,Weak,Negative
summer_max_air_temp_c,wetlands_upstream_pct,0.261,0.027,0.261,Weak,Positive
high_cascades_buffer_pct,veg_cover_buffer_pct,0.261,0.027,0.261,Weak,Positive
summer_precip_mm,veg_height_upstream_m,-0.261,0.027,0.261,Weak,Negative
forest_upstream_pct,summer_precip_mm,-0.259,0.028,0.259,Weak,Negative
mean_air_temp_c,road_density_buffer,0.259,0.028,0.259,Weak,Positive
lakes_reach_pct,veg_cover_upstream_pct,-0.259,0.028,0.259,Weak,Negative
shrub_upstream_pct,veg_cover_upstream_pct,-0.258,0.029,0.258,Weak,Negative
upstream_area_km2,veg_cover_upstream_pct,0.257,0.029,0.257,Weak,Positive
burned_buffer_pct,wet_season_precip_mm,0.257,0.029,0.257,Weak,Positive
base_flow_index,summer_precip_mm,-0.257,0.03,0.257,Weak,Negative
summer_mean_max_air_temp_c,veg_height_upstream_m,-0.256,0.03,0.256,Weak,Negative
shrub_upstream_pct,summer_mean_max_air_temp_c,-0.255,0.03,0.255,Weak,Negative
annual_precip_mm,burned_buffer_pct,0.253,0.032,0.253,Weak,Positive
summer_max_air_temp_c,veg_height_reach_m,-0.253,0.032,0.253,Weak,Negative
agricultural_upstream_pct,burned_buffer_pct,-0.253,0.032,0.253,Weak,Negative
burned_reach_pct,wetlands_buffer_pct,-0.251,0.033,0.251,Weak,Negative
summer_mean_max_air_temp_c,upstream_area_km2,0.251,0.034,0.251,Weak,Positive
burned_reach_pct,summer_max_air_temp_c,-0.25,0.034,0.25,Weak,Negative
burned_reach_pct,lakes_upstream_pct,0.25,0.034,0.25,Weak,Positive
forest_upstream_pct,road_density_upstream,-0.25,0.034,0.25,Weak,Negative
burned_reach_pct,road_density_upstream,-0.248,0.036,0.248,Weak,Negative
elevation_m,upstream_area_km2,-0.247,0.036,0.247,Weak,Negative
lakes_reach_pct,road_density_upstream,0.247,0.036,0.247,Weak,Positive
road_density_upstream,wetlands_buffer_pct,0.244,0.039,0.244,Weak,Positive
burned_buffer_pct,developed_upstream_pct,-0.244,0.039,0.244,Weak,Negative
burned_upstream_pct,thermal_sensitivity,-0.244,0.039,0.244,Weak,Negative
high_cascades_upstream_pct,summer_max_air_temp_c,0.243,0.04,0.243,Weak,Positive
annual_precip_mm,forest_upstream_pct,0.243,0.04,0.243,Weak,Positive
lakes_buffer_pct,veg_cover_upstream_pct,-0.241,0.041,0.241,Weak,Negative
burned_buffer_pct,road_density_upstream,-0.241,0.042,0.241,Weak,Negative
agricultural_buffer_pct,burned_reach_pct,-0.24,0.042,0.24,Weak,Negative
annual_precip_mm,summer_precip_mm,0.239,0.043,0.239,Weak,Positive
summer_max_air_temp_c,upstream_area_km2,0.237,0.045,0.237,Weak,Positive
lakes_buffer_pct,mean_air_temp_c,0.236,0.046,0.236,Weak,Positive
thermal_sensitivity,wetlands_upstream_pct,0.236,0.046,0.236,Weak,Positive
lakes_upstream_pct,veg_cover_buffer_pct,-0.236,0.046,0.236,Weak,Negative
mean_air_temp_c,upstream_area_km2,0.235,0.046,0.235,Weak,Positive
burned_upstream_pct,veg_height_reach_m,0.235,0.047,0.235,Weak,Positive
lakes_upstream_pct,wetlands_reach_pct,0.234,0.048,0.234,Weak,Positive
developed_upstream_pct,solar_exposure,0.234,0.048,0.234,Weak,Positive
mean_stream_temp_c,summer_precip_mm,0.234,0.048,0.234,Weak,Positive
high_cascades_reach_pct,mean_air_temp_c,-0.233,0.049,0.233,Weak,Negative
agricultural_upstream_pct,shrub_upstream_pct,-0.233,0.049,0.233,Weak,Negative
burned_upstream_pct,high_cascades_buffer_pct,0.232,0.05,0.232,Weak,Positive
lakes_reach_pct,summer_precip_mm,0.23,0.052,0.23,Weak,Positive
forest_upstream_pct,veg_cover_buffer_pct,0.23,0.052,0.23,Weak,Positive
lakes_upstream_pct,solar_exposure,-0.229,0.053,0.229,Weak,Negative
lakes_buffer_pct,veg_cover_buffer_pct,-0.229,0.053,0.229,Weak,Negative
high_cascades_upstream_pct,summer_mean_air_temp_c,-0.227,0.055,0.227,Weak,Negative
channel_slope,wetlands_reach_pct,-0.226,0.056,0.226,Weak,Negative
elevation_m,solar_exposure,-0.222,0.061,0.222,Weak,Negative
summer_max_air_temp_c,veg_cover_upstream_pct,-0.221,0.062,0.221,Weak,Negative
road_density_buffer,summer_mean_air_temp_c,0.221,0.063,0.221,Weak,Positive
mean_stream_temp_c,summer_max_air_temp_c,0.22,0.064,0.22,Weak,Positive
burned_upstream_pct,summer_mean_air_temp_c,-0.22,0.064,0.22,Weak,Negative
burned_upstream_pct,summer_mean_max_air_temp_c,-0.218,0.066,0.218,Weak,Negative
developed_upstream_pct,shrub_upstream_pct,-0.217,0.067,0.217,Weak,Negative
lakes_reach_pct,mean_air_temp_c,0.217,0.067,0.217,Weak,Positive
mean_air_temp_c,shrub_upstream_pct,-0.217,0.067,0.217,Weak,Negative
lakes_reach_pct,lakes_upstream_pct,0.217,0.067,0.217,Weak,Positive
road_density_buffer,summer_mean_max_air_temp_c,0.216,0.068,0.216,Weak,Positive
channel_slope,wetlands_upstream_pct,-0.216,0.069,0.216,Weak,Negative
burned_reach_pct,summer_precip_mm,0.213,0.073,0.213,Weak,Positive
burned_reach_pct,developed_buffer_pct,-0.212,0.074,0.212,Weak,Negative
thermal_sensitivity,wetlands_reach_pct,0.212,0.074,0.212,Weak,Positive
shrub_upstream_pct,summer_mean_air_temp_c,-0.211,0.076,0.211,Weak,Negative
summer_precip_mm,wet_season_precip_mm,0.211,0.076,0.211,Weak,Positive
high_cascades_upstream_pct,road_density_reach,0.21,0.076,0.21,Weak,Positive
high_cascades_reach_pct,lakes_upstream_pct,0.21,0.077,0.21,Weak,Positive
solar_exposure,summer_mean_air_temp_c,0.208,0.079,0.208,Weak,Positive
lakes_buffer_pct,summer_mean_max_air_temp_c,0.208,0.08,0.208,Weak,Positive
high_cascades_buffer_pct,wetlands_upstream_pct,-0.207,0.08,0.207,Weak,Negative
solar_exposure,wet_season_precip_mm,-0.206,0.082,0.206,Weak,Negative
channel_slope,developed_buffer_pct,-0.206,0.082,0.206,Weak,Negative
base_flow_index,burned_buffer_pct,0.206,0.082,0.206,Weak,Positive
summer_mean_max_air_temp_c,thermal_sensitivity,0.205,0.084,0.205,Weak,Positive
agricultural_reach_pct,road_density_reach,0.205,0.085,0.205,Weak,Positive
burned_upstream_pct,elevation_m,0.204,0.086,0.204,Weak,Positive
high_cascades_reach_pct,wetlands_upstream_pct,-0.204,0.086,0.204,Weak,Negative
burned_upstream_pct,lakes_reach_pct,-0.203,0.087,0.203,Weak,Negative
solar_exposure,thermal_sensitivity,0.203,0.087,0.203,Weak,Positive
burned_upstream_pct,mean_air_temp_c,-0.202,0.089,0.202,Weak,Negative
channel_slope,wetlands_buffer_pct,-0.201,0.09,0.201,Weak,Negative
annual_precip_mm,solar_exposure,-0.2,0.092,0.2,Weak,Negative
solar_exposure,wetlands_reach_pct,-0.2,0.092,0.2,Weak,Negative
burned_upstream_pct,forest_upstream_pct,-0.199,0.094,0.199,Weak,Negative
road_density_buffer,shrub_upstream_pct,-0.198,0.096,0.198,Weak,Negative
agricultural_upstream_pct,channel_slope,-0.197,0.097,0.197,Weak,Negative
annual_precip_mm,shrub_upstream_pct,0.195,0.101,0.195,Weak,Positive
burned_upstream_pct,lakes_buffer_pct,-0.193,0.104,0.193,Weak,Negative
lakes_buffer_pct,summer_precip_mm,0.193,0.104,0.193,Weak,Positive
summer_precip_mm,wetlands_buffer_pct,-0.193,0.105,0.193,Weak,Negative
shrub_upstream_pct,summer_max_air_temp_c,-0.193,0.105,0.193,Weak,Negative
summer_precip_mm,upstream_area_km2,-0.193,0.105,0.193,Weak,Negative
forest_upstream_pct,lakes_reach_pct,-0.192,0.107,0.192,Weak,Negative
solar_exposure,wetlands_buffer_pct,-0.191,0.109,0.191,Weak,Negative
agricultural_reach_pct,burned_buffer_pct,-0.19,0.11,0.19,Very Weak,Negative
solar_exposure,wetlands_upstream_pct,0.19,0.11,0.19,Very Weak,Positive
base_flow_index,summer_max_air_temp_c,-0.189,0.111,0.189,Very Weak,Negative
high_cascades_upstream_pct,wetlands_reach_pct,-0.189,0.112,0.189,Very Weak,Negative
burned_buffer_pct,upstream_area_km2,0.188,0.113,0.188,Very Weak,Positive
high_cascades_upstream_pct,veg_height_buffer_m,0.188,0.114,0.188,Very Weak,Positive
channel_slope,high_cascades_reach_pct,0.188,0.114,0.188,Very Weak,Positive
burned_reach_pct,mean_air_temp_c,-0.188,0.115,0.188,Very Weak,Negative
agricultural_upstream_pct,solar_exposure,0.186,0.118,0.186,Very Weak,Positive
agricultural_buffer_pct,summer_precip_mm,-0.184,0.121,0.184,Very Weak,Negative
agricultural_buffer_pct,burned_upstream_pct,-0.184,0.122,0.184,Very Weak,Negative
shrub_upstream_pct,wet_season_precip_mm,0.183,0.123,0.183,Very Weak,Positive
forest_upstream_pct,high_cascades_reach_pct,0.183,0.124,0.183,Very Weak,Positive
agricultural_upstream_pct,upstream_area_km2,-0.182,0.126,0.182,Very Weak,Negative
developed_upstream_pct,upstream_area_km2,-0.182,0.126,0.182,Very Weak,Negative
lakes_upstream_pct,veg_cover_upstream_pct,-0.182,0.126,0.182,Very Weak,Negative
base_flow_index,shrub_upstream_pct,0.18,0.13,0.18,Very Weak,Positive
agricultural_upstream_pct,road_density_reach,0.179,0.132,0.179,Very Weak,Positive
road_density_buffer,summer_max_air_temp_c,0.179,0.132,0.179,Very Weak,Positive
developed_buffer_pct,road_density_buffer,0.179,0.132,0.179,Very Weak,Positive
channel_slope,developed_upstream_pct,-0.176,0.14,0.176,Very Weak,Negative
mean_stream_temp_c,road_density_upstream,0.175,0.143,0.175,Very Weak,Positive
channel_slope,lakes_buffer_pct,-0.173,0.145,0.173,Very Weak,Negative
lakes_reach_pct,summer_mean_max_air_temp_c,0.172,0.15,0.172,Very Weak,Positive
burned_buffer_pct,developed_reach_pct,-0.171,0.15,0.171,Very Weak,Negative
lakes_reach_pct,veg_cover_buffer_pct,-0.171,0.151,0.171,Very Weak,Negative
burned_reach_pct,solar_exposure,-0.169,0.156,0.169,Very Weak,Negative
forest_upstream_pct,lakes_buffer_pct,-0.169,0.157,0.169,Very Weak,Negative
burned_reach_pct,summer_mean_air_temp_c,-0.167,0.161,0.167,Very Weak,Negative
lakes_upstream_pct,road_density_upstream,0.167,0.162,0.167,Very Weak,Positive
solar_exposure,upstream_area_km2,-0.166,0.162,0.166,Very Weak,Negative
channel_slope,solar_exposure,0.166,0.164,0.166,Very Weak,Positive
developed_buffer_pct,shrub_upstream_pct,-0.164,0.17,0.164,Very Weak,Negative
burned_reach_pct,veg_height_reach_m,0.162,0.174,0.162,Very Weak,Positive
burned_reach_pct,wetlands_upstream_pct,-0.162,0.174,0.162,Very Weak,Negative
burned_buffer_pct,lakes_upstream_pct,0.162,0.174,0.162,Very Weak,Positive
shrub_upstream_pct,summer_precip_mm,0.161,0.177,0.161,Very Weak,Positive
burned_reach_pct,wetlands_reach_pct,-0.159,0.181,0.159,Very Weak,Negative
high_cascades_buffer_pct,lakes_upstream_pct,0.158,0.184,0.158,Very Weak,Positive
road_density_upstream,wetlands_reach_pct,0.156,0.192,0.156,Very Weak,Positive
high_cascades_buffer_pct,mean_air_temp_c,-0.154,0.196,0.154,Very Weak,Negative
developed_upstream_pct,road_density_reach,0.154,0.197,0.154,Very Weak,Positive
lakes_upstream_pct,thermal_sensitivity,-0.154,0.197,0.154,Very Weak,Negative
lakes_upstream_pct,veg_height_buffer_m,-0.153,0.2,0.153,Very Weak,Negative
road_density_buffer,summer_precip_mm,-0.151,0.204,0.151,Very Weak,Negative
shrub_upstream_pct,veg_height_upstream_m,-0.151,0.206,0.151,Very Weak,Negative
burned_buffer_pct,solar_exposure,-0.15,0.209,0.15,Very Weak,Negative
agricultural_reach_pct,shrub_upstream_pct,-0.149,0.212,0.149,Very Weak,Negative
lakes_upstream_pct,wetlands_buffer_pct,0.146,0.222,0.146,Very Weak,Positive
channel_slope,road_density_buffer,-0.145,0.225,0.145,Very Weak,Negative
lakes_buffer_pct,road_density_reach,0.144,0.227,0.144,Very Weak,Positive
forest_upstream_pct,mean_air_temp_c,-0.143,0.23,0.143,Very Weak,Negative
developed_reach_pct,solar_exposure,0.143,0.231,0.143,Very Weak,Positive
thermal_sensitivity,wetlands_buffer_pct,0.141,0.238,0.141,Very Weak,Positive
burned_buffer_pct,lakes_buffer_pct,-0.141,0.239,0.141,Very Weak,Negative
burned_buffer_pct,summer_precip_mm,0.138,0.247,0.138,Very Weak,Positive
base_flow_index,road_density_reach,-0.137,0.251,0.137,Very Weak,Negative
high_cascades_upstream_pct,wetlands_upstream_pct,-0.136,0.256,0.136,Very Weak,Negative
elevation_m,summer_precip_mm,-0.135,0.257,0.135,Very Weak,Negative
burned_upstream_pct,wetlands_upstream_pct,-0.135,0.257,0.135,Very Weak,Negative
forest_upstream_pct,high_cascades_buffer_pct,0.133,0.266,0.133,Very Weak,Positive
burned_buffer_pct,wetlands_upstream_pct,-0.132,0.267,0.132,Very Weak,Negative
lakes_reach_pct,road_density_buffer,-0.132,0.268,0.132,Very Weak,Negative
burned_buffer_pct,high_cascades_buffer_pct,0.132,0.27,0.132,Very Weak,Positive
channel_slope,high_cascades_buffer_pct,0.132,0.27,0.132,Very Weak,Positive
burned_reach_pct,road_density_reach,-0.132,0.271,0.132,Very Weak,Negative
high_cascades_upstream_pct,mean_air_temp_c,-0.131,0.274,0.131,Very Weak,Negative
channel_slope,summer_precip_mm,0.131,0.275,0.131,Very Weak,Positive
lakes_buffer_pct,lakes_upstream_pct,0.13,0.276,0.13,Very Weak,Positive
high_cascades_reach_pct,shrub_upstream_pct,0.129,0.279,0.129,Very Weak,Positive
solar_exposure,veg_height_reach_m,-0.128,0.282,0.128,Very Weak,Negative
burned_reach_pct,channel_slope,-0.127,0.287,0.127,Very Weak,Negative
high_cascades_reach_pct,summer_max_air_temp_c,0.127,0.289,0.127,Very Weak,Positive
high_cascades_reach_pct,summer_mean_max_air_temp_c,-0.127,0.289,0.127,Very Weak,Negative
high_cascades_buffer_pct,summer_max_air_temp_c,0.126,0.29,0.126,Very Weak,Positive
annual_precip_mm,upstream_area_km2,-0.126,0.293,0.126,Very Weak,Negative
high_cascades_upstream_pct,shrub_upstream_pct,0.126,0.293,0.126,Very Weak,Positive
developed_reach_pct,shrub_upstream_pct,-0.125,0.296,0.125,Very Weak,Negative
road_density_buffer,veg_cover_reach_pct,-0.124,0.3,0.124,Very Weak,Negative
high_cascades_buffer_pct,wetlands_reach_pct,-0.124,0.301,0.124,Very Weak,Negative
burned_buffer_pct,road_density_reach,-0.124,0.301,0.124,Very Weak,Negative
channel_slope,veg_cover_upstream_pct,0.124,0.301,0.124,Very Weak,Positive
burned_buffer_pct,summer_mean_max_air_temp_c,-0.123,0.303,0.123,Very Weak,Negative
mean_air_temp_c,solar_exposure,0.122,0.305,0.122,Very Weak,Positive
mean_stream_temp_c,shrub_upstream_pct,0.122,0.306,0.122,Very Weak,Positive
developed_buffer_pct,solar_exposure,0.122,0.308,0.122,Very Weak,Positive
mean_stream_temp_c,solar_exposure,0.119,0.321,0.119,Very Weak,Positive
burned_upstream_pct,road_density_buffer,-0.118,0.323,0.118,Very Weak,Negative
upstream_area_km2,wet_season_precip_mm,-0.118,0.325,0.118,Very Weak,Negative
burned_buffer_pct,developed_buffer_pct,-0.118,0.325,0.118,Very Weak,Negative
shrub_upstream_pct,veg_cover_reach_pct,-0.117,0.326,0.117,Very Weak,Negative
burned_buffer_pct,veg_cover_reach_pct,-0.116,0.332,0.116,Very Weak,Negative
burned_reach_pct,lakes_buffer_pct,-0.113,0.343,0.113,Very Weak,Negative
solar_exposure,summer_precip_mm,0.113,0.343,0.113,Very Weak,Positive
high_cascades_buffer_pct,shrub_upstream_pct,0.112,0.347,0.112,Very Weak,Positive
agricultural_buffer_pct,shrub_upstream_pct,-0.111,0.352,0.111,Very Weak,Negative
summer_precip_mm,wetlands_reach_pct,-0.111,0.355,0.111,Very Weak,Negative
channel_slope,veg_height_upstream_m,0.11,0.358,0.11,Very Weak,Positive
lakes_upstream_pct,road_density_buffer,-0.11,0.359,0.11,Very Weak,Negative
burned_buffer_pct,summer_max_air_temp_c,-0.11,0.359,0.11,Very Weak,Negative
road_density_reach,veg_cover_upstream_pct,-0.109,0.361,0.109,Very Weak,Negative
lakes_buffer_pct,road_density_buffer,-0.109,0.363,0.109,Very Weak,Negative
upstream_area_km2,veg_cover_reach_pct,-0.109,0.363,0.109,Very Weak,Negative
summer_precip_mm,veg_height_reach_m,-0.108,0.365,0.108,Very Weak,Negative
forest_upstream_pct,lakes_upstream_pct,-0.108,0.366,0.108,Very Weak,Negative
lakes_upstream_pct,veg_cover_reach_pct,-0.108,0.367,0.108,Very Weak,Negative
road_density_buffer,veg_height_reach_m,-0.108,0.368,0.108,Very Weak,Negative
burned_reach_pct,elevation_m,0.107,0.37,0.107,Very Weak,Positive
lakes_reach_pct,shrub_upstream_pct,-0.106,0.374,0.106,Very Weak,Negative
high_cascades_reach_pct,veg_cover_upstream_pct,0.106,0.374,0.106,Very Weak,Positive
forest_upstream_pct,summer_mean_air_temp_c,-0.106,0.374,0.106,Very Weak,Negative
high_cascades_reach_pct,wetlands_reach_pct,-0.106,0.375,0.106,Very Weak,Negative
road_density_upstream,solar_exposure,0.105,0.381,0.105,Very Weak,Positive
burned_buffer_pct,wetlands_buffer_pct,-0.103,0.387,0.103,Very Weak,Negative
solar_exposure,summer_mean_max_air_temp_c,0.103,0.39,0.103,Very Weak,Positive
lakes_buffer_pct,shrub_upstream_pct,-0.102,0.392,0.102,Very Weak,Negative
lakes_upstream_pct,road_density_reach,0.102,0.393,0.102,Very Weak,Positive
burned_buffer_pct,forest_upstream_pct,-0.101,0.401,0.101,Very Weak,Negative
high_cascades_upstream_pct,road_density_buffer,0.1,0.403,0.1,Very Weak,Positive
agricultural_buffer_pct,burned_buffer_pct,-0.1,0.404,0.1,Very Weak,Negative
summer_precip_mm,veg_cover_buffer_pct,0.099,0.407,0.099,Very Weak,Positive
road_density_buffer,upstream_area_km2,0.099,0.409,0.099,Very Weak,Positive
high_cascades_upstream_pct,veg_cover_buffer_pct,0.098,0.414,0.098,Very Weak,Positive
channel_slope,lakes_reach_pct,-0.097,0.417,0.097,Very Weak,Negative
mean_stream_temp_c,road_density_buffer,0.096,0.421,0.096,Very Weak,Positive
agricultural_reach_pct,solar_exposure,0.095,0.429,0.095,Very Weak,Positive
solar_exposure,veg_cover_buffer_pct,0.094,0.433,0.094,Very Weak,Positive
solar_exposure,veg_cover_reach_pct,-0.092,0.44,0.092,Very Weak,Negative
road_density_reach,solar_exposure,-0.092,0.441,0.092,Very Weak,Negative
high_cascades_upstream_pct,road_density_upstream,0.091,0.449,0.091,Very Weak,Positive
lakes_upstream_pct,veg_height_upstream_m,-0.09,0.45,0.09,Very Weak,Negative
burned_upstream_pct,veg_cover_upstream_pct,-0.088,0.462,0.088,Very Weak,Negative
developed_reach_pct,lakes_upstream_pct,0.088,0.464,0.088,Very Weak,Positive
solar_exposure,veg_height_upstream_m,-0.087,0.467,0.087,Very Weak,Negative
high_cascades_buffer_pct,veg_cover_upstream_pct,0.087,0.468,0.087,Very Weak,Positive
burned_reach_pct,veg_height_upstream_m,0.086,0.471,0.086,Very Weak,Positive
burned_buffer_pct,channel_slope,-0.086,0.473,0.086,Very Weak,Negative
burned_buffer_pct,summer_mean_air_temp_c,-0.085,0.48,0.085,Very Weak,Negative
agricultural_buffer_pct,road_density_buffer,0.085,0.48,0.085,Very Weak,Positive
high_cascades_buffer_pct,summer_mean_max_air_temp_c,-0.084,0.482,0.084,Very Weak,Negative
upstream_area_km2,wetlands_reach_pct,0.084,0.484,0.084,Very Weak,Positive
channel_slope,road_density_upstream,-0.084,0.485,0.084,Very Weak,Negative
burned_reach_pct,thermal_sensitivity,-0.083,0.487,0.083,Very Weak,Negative
summer_precip_mm,veg_cover_reach_pct,-0.083,0.491,0.083,Very Weak,Negative
solar_exposure,veg_height_buffer_m,0.081,0.497,0.081,Very Weak,Positive
road_density_upstream,upstream_area_km2,-0.08,0.505,0.08,Very Weak,Negative
lakes_reach_pct,solar_exposure,0.079,0.507,0.079,Very Weak,Positive
high_cascades_buffer_pct,road_density_reach,-0.076,0.524,0.076,Very Weak,Negative
agricultural_reach_pct,lakes_upstream_pct,0.075,0.531,0.075,Very Weak,Positive
burned_reach_pct,veg_cover_upstream_pct,0.074,0.534,0.074,Very Weak,Positive
high_cascades_upstream_pct,wetlands_buffer_pct,-0.074,0.536,0.074,Very Weak,Negative
summer_max_air_temp_c,thermal_sensitivity,-0.072,0.546,0.072,Very Weak,Negative
lakes_reach_pct,road_density_reach,0.071,0.555,0.071,Very Weak,Positive
burned_upstream_pct,summer_max_air_temp_c,-0.068,0.573,0.068,Very Weak,Negative
channel_slope,high_cascades_upstream_pct,-0.067,0.578,0.067,Very Weak,Negative
high_cascades_reach_pct,road_density_buffer,-0.067,0.579,0.067,Very Weak,Negative
agricultural_buffer_pct,lakes_upstream_pct,0.066,0.581,0.066,Very Weak,Positive
lakes_upstream_pct,summer_precip_mm,-0.065,0.588,0.065,Very Weak,Negative
burned_upstream_pct,wetlands_buffer_pct,-0.065,0.588,0.065,Very Weak,Negative
burned_upstream_pct,veg_height_upstream_m,0.064,0.592,0.064,Very Weak,Positive
burned_buffer_pct,mean_air_temp_c,-0.064,0.596,0.064,Very Weak,Negative
burned_buffer_pct,elevation_m,0.062,0.606,0.062,Very Weak,Positive
upstream_area_km2,wetlands_upstream_pct,0.062,0.607,0.062,Very Weak,Positive
shrub_upstream_pct,wetlands_reach_pct,0.061,0.613,0.061,Very Weak,Positive
summer_precip_mm,wetlands_upstream_pct,-0.06,0.614,0.06,Very Weak,Negative
road_density_reach,shrub_upstream_pct,-0.059,0.621,0.059,Very Weak,Negative
high_cascades_reach_pct,road_density_upstream,-0.059,0.621,0.059,Very Weak,Negative
forest_upstream_pct,solar_exposure,0.058,0.63,0.058,Very Weak,Positive
burned_upstream_pct,veg_cover_reach_pct,0.058,0.63,0.058,Very Weak,Positive
developed_upstream_pct,road_density_buffer,-0.058,0.631,0.058,Very Weak,Negative
shrub_upstream_pct,wetlands_upstream_pct,-0.057,0.634,0.057,Very Weak,Negative
summer_max_air_temp_c,veg_height_upstream_m,-0.056,0.641,0.056,Very Weak,Negative
burned_reach_pct,veg_height_buffer_m,0.056,0.643,0.056,Very Weak,Positive
lakes_reach_pct,summer_max_air_temp_c,-0.054,0.655,0.054,Very Weak,Negative
agricultural_reach_pct,road_density_buffer,-0.053,0.657,0.053,Very Weak,Negative
road_density_buffer,wetlands_buffer_pct,0.052,0.662,0.052,Very Weak,Positive
road_density_buffer,solar_exposure,0.051,0.67,0.051,Very Weak,Positive
road_density_reach,veg_height_upstream_m,-0.051,0.672,0.051,Very Weak,Negative
burned_buffer_pct,lakes_reach_pct,-0.051,0.672,0.051,Very Weak,Negative
developed_buffer_pct,lakes_upstream_pct,0.051,0.672,0.051,Very Weak,Positive
burned_reach_pct,high_cascades_upstream_pct,0.05,0.677,0.05,Very Weak,Positive
developed_upstream_pct,summer_precip_mm,0.05,0.678,0.05,Very Weak,Positive
road_density_buffer,wetlands_upstream_pct,0.05,0.679,0.05,Very Weak,Positive
summer_precip_mm,veg_height_buffer_m,0.049,0.68,0.049,Very Weak,Positive
agricultural_buffer_pct,upstream_area_km2,0.049,0.683,0.049,Very Weak,Positive
solar_exposure,veg_cover_upstream_pct,0.045,0.707,0.045,Very Weak,Positive
forest_upstream_pct,summer_mean_max_air_temp_c,-0.045,0.709,0.045,Very Weak,Negative
lakes_reach_pct,upstream_area_km2,-0.044,0.716,0.044,Very Weak,Negative
upstream_area_km2,veg_height_reach_m,0.043,0.718,0.043,Very Weak,Positive
base_flow_index,road_density_buffer,0.043,0.72,0.043,Very Weak,Positive
burned_buffer_pct,veg_cover_upstream_pct,-0.042,0.724,0.042,Very Weak,Negative
burned_buffer_pct,thermal_sensitivity,-0.042,0.725,0.042,Very Weak,Negative
developed_reach_pct,road_density_buffer,-0.041,0.731,0.041,Very Weak,Negative
agricultural_buffer_pct,solar_exposure,0.041,0.731,0.041,Very Weak,Positive
road_density_buffer,veg_cover_upstream_pct,0.041,0.733,0.041,Very Weak,Positive
shrub_upstream_pct,wetlands_buffer_pct,0.041,0.733,0.041,Very Weak,Positive
burned_reach_pct,high_cascades_reach_pct,-0.041,0.734,0.041,Very Weak,Negative
agricultural_reach_pct,summer_precip_mm,0.04,0.741,0.04,Very Weak,Positive
lakes_upstream_pct,summer_mean_max_air_temp_c,0.039,0.742,0.039,Very Weak,Positive
elevation_m,lakes_upstream_pct,-0.039,0.743,0.039,Very Weak,Negative
burned_buffer_pct,veg_height_reach_m,0.038,0.75,0.038,Very Weak,Positive
shrub_upstream_pct,veg_height_reach_m,0.038,0.752,0.038,Very Weak,Positive
burned_reach_pct,lakes_reach_pct,-0.037,0.756,0.037,Very Weak,Negative
upstream_area_km2,wetlands_buffer_pct,0.037,0.758,0.037,Very Weak,Positive
burned_reach_pct,forest_upstream_pct,-0.037,0.759,0.037,Very Weak,Negative
lakes_upstream_pct,summer_max_air_temp_c,0.036,0.765,0.036,Very Weak,Positive
road_density_reach,thermal_sensitivity,-0.036,0.766,0.036,Very Weak,Negative
lakes_buffer_pct,upstream_area_km2,0.035,0.77,0.035,Very Weak,Positive
lakes_upstream_pct,mean_stream_temp_c,0.035,0.77,0.035,Very Weak,Positive
base_flow_index,upstream_area_km2,0.035,0.772,0.035,Very Weak,Positive
burned_buffer_pct,high_cascades_reach_pct,0.034,0.779,0.034,Very Weak,Positive
agricultural_reach_pct,upstream_area_km2,-0.033,0.782,0.033,Very Weak,Negative
summer_precip_mm,veg_cover_upstream_pct,-0.032,0.787,0.032,Very Weak,Negative
elevation_m,road_density_buffer,-0.032,0.788,0.032,Very Weak,Negative
forest_upstream_pct,road_density_buffer,0.032,0.791,0.032,Very Weak,Positive
elevation_m,shrub_upstream_pct,0.031,0.795,0.031,Very Weak,Positive
developed_buffer_pct,upstream_area_km2,-0.031,0.797,0.031,Very Weak,Negative
burned_buffer_pct,veg_height_upstream_m,-0.031,0.799,0.031,Very Weak,Negative
burned_upstream_pct,veg_height_buffer_m,0.03,0.802,0.03,Very Weak,Positive
base_flow_index,lakes_upstream_pct,0.029,0.808,0.029,Very Weak,Positive
burned_buffer_pct,veg_height_buffer_m,0.029,0.81,0.029,Very Weak,Positive
shrub_upstream_pct,veg_height_buffer_m,-0.029,0.812,0.029,Very Weak,Negative
high_cascades_buffer_pct,road_density_upstream,-0.027,0.822,0.027,Very Weak,Negative
forest_upstream_pct,summer_max_air_temp_c,0.026,0.828,0.026,Very Weak,Positive
high_cascades_buffer_pct,wetlands_buffer_pct,-0.026,0.829,0.026,Very Weak,Negative
channel_slope,forest_upstream_pct,-0.025,0.832,0.025,Very Weak,Negative
road_density_upstream,thermal_sensitivity,-0.025,0.833,0.025,Very Weak,Negative
burned_upstream_pct,mean_stream_temp_c,-0.024,0.843,0.024,Very Weak,Negative
lakes_buffer_pct,solar_exposure,-0.023,0.847,0.023,Very Weak,Negative
high_cascades_reach_pct,road_density_reach,-0.023,0.848,0.023,Very Weak,Negative
annual_precip_mm,lakes_upstream_pct,-0.023,0.848,0.023,Very Weak,Negative
agricultural_upstream_pct,lakes_upstream_pct,0.023,0.851,0.023,Very Weak,Positive
high_cascades_upstream_pct,summer_mean_max_air_temp_c,-0.022,0.857,0.022,Very Weak,Negative
developed_buffer_pct,summer_precip_mm,-0.021,0.864,0.021,Very Weak,Negative
solar_exposure,summer_max_air_temp_c,-0.02,0.869,0.02,Very Weak,Negative
burned_upstream_pct,road_density_reach,0.019,0.873,0.019,Very Weak,Positive
shrub_upstream_pct,thermal_sensitivity,0.018,0.883,0.018,Very Weak,Positive
lakes_upstream_pct,summer_mean_air_temp_c,0.018,0.883,0.018,Very Weak,Positive
developed_reach_pct,summer_precip_mm,0.017,0.89,0.017,Very Weak,Positive
burned_buffer_pct,high_cascades_upstream_pct,-0.016,0.892,0.016,Very Weak,Negative
developed_upstream_pct,lakes_upstream_pct,0.015,0.897,0.015,Very Weak,Positive
agricultural_upstream_pct,summer_precip_mm,0.015,0.9,0.015,Very Weak,Positive
lakes_upstream_pct,veg_height_reach_m,-0.015,0.9,0.015,Very Weak,Negative
high_cascades_buffer_pct,upstream_area_km2,-0.015,0.903,0.015,Very Weak,Negative
road_density_buffer,wet_season_precip_mm,-0.014,0.907,0.014,Very Weak,Negative
agricultural_upstream_pct,road_density_buffer,0.013,0.915,0.013,Very Weak,Positive
burned_reach_pct,road_density_buffer,-0.013,0.915,0.013,Very Weak,Negative
burned_buffer_pct,mean_stream_temp_c,0.012,0.92,0.012,Very Weak,Positive
road_density_buffer,veg_height_upstream_m,0.011,0.924,0.011,Very Weak,Positive
burned_buffer_pct,wetlands_reach_pct,-0.011,0.924,0.011,Very Weak,Negative
forest_upstream_pct,road_density_reach,-0.011,0.93,0.011,Very Weak,Negative
lakes_buffer_pct,summer_max_air_temp_c,0.01,0.933,0.01,Very Weak,Positive
burned_reach_pct,veg_cover_reach_pct,-0.01,0.934,0.01,Very Weak,Negative
burned_reach_pct,high_cascades_buffer_pct,0.01,0.934,0.01,Very Weak,Positive
developed_reach_pct,upstream_area_km2,0.009,0.939,0.009,Very Weak,Positive
road_density_buffer,thermal_sensitivity,-0.009,0.939,0.009,Very Weak,Negative
high_cascades_reach_pct,wetlands_buffer_pct,-0.008,0.949,0.008,Very Weak,Negative
lakes_upstream_pct,wet_season_precip_mm,-0.005,0.969,0.005,Very Weak,Negative
thermal_sensitivity,upstream_area_km2,-0.004,0.971,0.004,Very Weak,Negative
burned_upstream_pct,wetlands_reach_pct,-0.004,0.975,0.004,Very Weak,Negative
annual_precip_mm,road_density_buffer,-0.003,0.977,0.003,Very Weak,Negative
burned_buffer_pct,road_density_buffer,0.003,0.978,0.003,Very Weak,Positive
burned_reach_pct,mean_stream_temp_c,0.003,0.981,0.003,Very Weak,Positive
lakes_upstream_pct,mean_air_temp_c,-0.003,0.981,0.003,Very Weak,Negative
burned_upstream_pct,summer_precip_mm,0.003,0.982,0.003,Very Weak,Positive
high_cascades_reach_pct,upstream_area_km2,-0.002,0.986,0.002,Very Weak,Negative
high_cascades_buffer_pct,road_density_buffer,0.001,0.992,0.001,Very Weak,Positive
road_density_buffer,wetlands_reach_pct,-0,0.999,0,Very Weak,Negative
